Country,Year,GDP (current US$),GDP growth (annual %),GDP per capita (current US$),"Unemployment, total (% of total labor force) (modeled ILO estimate)","Inflation, consumer prices (annual %)","Foreign direct investment, net inflows (% of GDP)",Trade (% of GDP),Gini index,"Population, total",Population growth (annual %),,,,,,,,,,,,,,,,,,,,,
Afghanistan,2000,3521418060,,180.1883694,7.955,,0.004827601,,,19542982,1.443803024,,,,,,,,,,,,,,,,,,,,,
Afghanistan,2001,2813571754,-9.431974068,142.9033644,7.958,,0.024168568,,,19688632,0.742516834,,,,,,,,,,,,,,,,,,,,,
Afghanistan,2002,3825701439,28.60000116,182.1740382,7.939,,1.30694987,,,21000256,6.449321478,,,,,,,,,,,,,,,,,,,,,
Afghanistan,2003,4520946819,8.832277803,199.6432265,7.922,,1.278493252,,,22645130,7.541018965,,,,,,,,,,,,,,,,,,,,,
Afghanistan,2004,5224896719,1.414117993,221.8305307,7.914,,3.577104201,,,23553551,3.933177688,,,,,,,,,,,,,,,,,,,,,
Afghanistan,2005,6203256539,11.22971483,254.115276,7.914,12.68626872,4.368673104,,,24411191,3.576508004,,,,,,,,,,,,,,,,,,,,,
Afghanistan,2006,6971758282,5.357403247,274.0153923,7.918,6.78459655,3.413772973,,,25442944,4.139678035,,,,,,,,,,,,,,,,,,,,,
Afghanistan,2007,9747886187,13.82631955,376.3182996,7.908,8.680570785,1.935701714,,,25903301,1.793195727,,,,,,,,,,,,,,,,,,,,,
Afghanistan,2008,10109297048,3.92498382,382.5338072,7.92,26.41866415,0.455360445,,,26427199,2.002333262,,,,,,,,,,,,,,,,,,,,,
Afghanistan,2009,12416152732,21.39052839,453.3873851,7.914,-6.811161089,0.451889146,,,27385307,3.561288374,,,,,,,,,,,,,,,,,,,,,
Afghanistan,2010,15856668556,14.36244147,562.4992216,7.914,2.178537524,1.20311799,,,28189672,2.894904104,,,,,,,,,,,,,,,,,,,,,
Afghanistan,2011,17805098206,0.426354777,608.7388504,7.916,11.80418581,0.29302518,,,29249157,3.689508302,,,,,,,,,,,,,,,,,,,,,
Afghanistan,2012,19907329778,12.75228709,653.4174749,7.909,6.441212809,0.285440894,,,30466479,4.077627729,,,,,,,,,,,,,,,,,,,,,
Afghanistan,2013,20146416758,5.600744659,638.733181,7.919,7.385771784,0.239801184,,,31541209,3.466788304,,,,,,,,,,,,,,,,,,,,,
Afghanistan,2014,20497128556,2.724543362,626.5129291,7.915,4.673996035,0.209664795,,,32716210,3.657576065,,,,,,,,,,,,,,,,,,,,,
Afghanistan,2015,19134221645,1.451314661,566.8811297,9.011,-0.661709165,0.884000463,,,33753499,3.121341229,,,,,,,,,,,,,,,,,,,,,
Afghanistan,2016,18116572395,2.260314203,523.053012,10.1,4.383891955,0.516606085,,,34636207,2.581549399,,,,,,,,,,,,,,,,,,,,,
Afghanistan,2017,18753456498,2.647003203,526.140801,11.184,4.975951506,0.274796792,,,35643418,2.866492148,,,,,,,,,,,,,,,,,,,,,
Afghanistan,2018,18053222687,1.189228129,492.090631,11.206,0.626149149,0.661572218,,,36686784,2.885207973,,,,,,,,,,,,,,,,,,,,,
Afghanistan,2019,18799444490,3.911603416,497.7414313,11.224,2.302372515,0.124495985,,,37769499,2.908529093,,,,,,,,,,,,,,,,,,,,,
Afghanistan,2020,19955929052,-2.351100672,512.055098,11.71,,0.064993957,46.70989455,,38972230,3.134746908,,,,,,,,,,,,,,,,,,,,,
Afghanistan,2021,14266499430,-20.73883937,355.7778264,11.934,,0.144401085,51.41171637,,40099462,2.851357654,,,,,,,,,,,,,,,,,,,,,
Afghanistan,2022,14502158192,-6.240171992,352.6037331,14.1,,,72.88546961,,41128771,2.534498317,,,,,,,,,,,,,,,,,,,,,
Afghanistan,2023,,,,14.386,,,,,42239854,2.665628202,,,,,,,,,,,,,,,,,,,,,
Bhutan,2000,460733418.4,3.355068305,784.6184027,1.652,4.012120811,,74.02649711,,587207,2.800570184,,,,,,,,,,,,,,,,,,,,,
Bhutan,2001,496110225.7,7.328374452,822.4175456,1.9,3.414789461,,71.09457473,,603234,2.692778294,,,,,,,,,,,,,,,,,,,,,
Bhutan,2002,559345263.7,10.44377954,903.5571776,1.851,2.455357143,0.4336159,70.2833172,,619048,2.587763295,,,,,,,,,,,,,,,,,,,,,
Bhutan,2003,651935430.3,7.786560536,1027.273391,1.8,2.572308617,0.516969909,72.84990066,40.9,634627,2.485461063,,,,,,,,,,,,,,,,,,,,,
Bhutan,2004,735348490.4,5.157257256,1131.321034,2.49,4.105936983,1.204858664,89.0605518,,649991,2.392109191,,,,,,,,,,,,,,,,,,,,,
Bhutan,2005,860391000.2,6.935071466,1297.092066,3.1,5.312631046,0.721867151,97.74341354,,663323,2.03035344,,,,,,,,,,,,,,,,,,,,,
Bhutan,2006,942879878.5,5.640805265,1400.469178,3.13,5.00045438,0.649361842,108.1577949,,673260,1.486953387,,,,,,,,,,,,,,,,,,,,,
Bhutan,2007,1255767964,16.10478365,1842.344735,3.7,5.156111388,5.881322974,106.9290224,38.1,681614,1.233193031,,,,,,,,,,,,,,,,,,,,,
Bhutan,2008,1317517835,4.529448692,1910.174218,3.833,8.327160494,0.238630623,101.9542357,,689737,1.18468503,,,,,,,,,,,,,,,,,,,,,
Bhutan,2009,1331343798,7.667492403,1908.249648,3.96,4.361122191,1.374529048,101.5594116,,697678,1.144731276,,,,,,,,,,,,,,,,,,,,,
Bhutan,2010,1673464261,11.9318739,2371.97209,3.32,7.036383161,4.498094807,107.2326853,,705516,1.117177172,,,,,,,,,,,,,,,,,,,,,
Bhutan,2011,1938441289,8.307647832,2717.449948,3.23,8.848985699,1.60652866,104.8791194,,713331,1.101609833,,,,,,,,,,,,,,,,,,,,,
Bhutan,2012,1939730676,5.095492644,2689.792866,2.05,10.91965694,1.256910244,95.67614659,38.8,721145,1.089467832,,,,,,,,,,,,,,,,,,,,,
Bhutan,2013,1913162477,1.658455578,2624.765194,2.87,8.776383453,1.068055187,96.56917811,,728889,1.068123041,,,,,,,,,,,,,,,,,,,,,
Bhutan,2014,2057330873,5.717865612,2793.931303,2.63,8.271060939,1.143954629,89.29107372,,736357,1.019359843,,,,,,,,,,,,,,,,,,,,,
Bhutan,2015,2154921011,6.568454317,2899.228294,2.45,4.548143951,0.299359179,91.00755302,,743274,0.93496965,,,,,,,,,,,,,,,,,,,,,
Bhutan,2016,2322730512,8.400553755,3097.961234,2.737,3.219886894,0.511646198,77.52795554,,749761,0.868973711,,,,,,,,,,,,,,,,,,,,,
Bhutan,2017,2591358115,3.507567403,3427.173845,3.039,4.95508367,-0.638806341,76.78839772,37.4,756121,0.84469272,,,,,,,,,,,,,,,,,,,,,
Bhutan,2018,2583335723,3.501871857,3389.777303,3.35,2.723963862,0.102559427,79.73972102,,762096,0.787111572,,,,,,,,,,,,,,,,,,,,,
Bhutan,2019,2735683409,5.755148512,3564.598771,2.72,2.726430374,0.47561707,76.12351742,,767459,0.701252584,,,,,,,,,,,,,,,,,,,,,
Bhutan,2020,2457604042,-10.21839742,3181.339747,5.03,5.629365226,-0.113401542,71.83035577,,772506,0.655471789,,,,,,,,,,,,,,,,,,,,,
Bhutan,2021,2768802803,4.421367389,3561.225287,4.804,7.346814405,0.244983589,77.58245145,,777486,0.642586173,,,,,,,,,,,,,,,,,,,,,
Bhutan,2022,2898227713,5.213867838,3704.018395,5.947,5.639166714,0.289904658,85.93016917,28.5,782455,0.637077531,,,,,,,,,,,,,,,,,,,,,
Bhutan,2023,,,,5.653,4.229344199,,,,787424,0.633044533,,,,,,,,,,,,,,,,,,,,,
Bangladesh,2000,53369787319,5.293294719,413.1001853,3.27,2.208256209,0.525362089,29.32171436,33.4,129193327,1.905524049,,,,,,,,,,,,,,,,,,,,,
Bangladesh,2001,53991289844,5.077287775,410.0485409,3.614,2.007173742,0.145443905,32.09801707,,131670484,1.899252681,,,,,,,,,,,,,,,,,,,,,
Bangladesh,2002,54724081491,3.83312394,407.9629676,3.967,3.332564933,0.095579368,28.96738072,,134139826,1.85802653,,,,,,,,,,,,,,,,,,,,,
Bangladesh,2003,60158929188,4.7395674,440.7144048,4.32,5.668707734,0.445960783,27.6578849,,136503206,1.746536801,,,,,,,,,,,,,,,,,,,,,
Bangladesh,2004,65108544250,5.23953291,469.1164584,4.294,7.587536385,0.689472336,26.85823415,,138789725,1.661191643,,,,,,,,,,,,,,,,,,,,,
Bangladesh,2005,69476001430,6.535944939,493.0432506,4.25,7.046618162,1.170651671,34.39693486,33.2,140912590,1.517975111,,,,,,,,,,,,,,,,,,,,,
Bangladesh,2006,71795735672,6.671904986,503.3746345,3.591,6.765261171,0.635863904,38.11192443,,142628831,1.210589941,,,,,,,,,,,,,,,,,,,,,
Bangladesh,2007,79611644984,7.058599354,552.337247,4.045,9.106984969,0.817756923,39.94238265,,144135934,1.051117194,,,,,,,,,,,,,,,,,,,,,
Bangladesh,2008,91636997445,6.013789757,630.1483077,4.516,8.901944895,1.449657915,42.62091403,,145421318,0.887833017,,,,,,,,,,,,,,,,,,,,,
Bangladesh,2009,1.02E+11,5.045124799,698.5030788,5,5.423472362,0.87951714,40.09279622,,146706810,0.880093476,,,,,,,,,,,,,,,,,,,,,
Bangladesh,2010,1.15E+11,5.571788185,776.835744,3.379,8.126676392,1.068967656,37.80284267,32.1,148391139,1.141551337,,,,,,,,,,,,,,,,,,,,,
Bangladesh,2011,1.29E+11,6.464379125,856.1788328,3.73,11.39516516,0.983399359,47.42084984,,150211005,1.218938691,,,,,,,,,,,,,,,,,,,,,
Bangladesh,2012,1.33E+11,6.521458779,876.5216529,4.075,6.217504221,1.188503924,48.11092275,,152090649,1.243571246,,,,,,,,,,,,,,,,,,,,,
Bangladesh,2013,1.50E+11,6.013605658,973.8286176,4.426,7.530406409,1.735320126,46.29640272,,154030139,1.267157297,,,,,,,,,,,,,,,,,,,,,
Bangladesh,2014,1.73E+11,6.061059359,1108.522513,4.406,6.991638892,1.468703055,44.5140802,,155961299,1.245960208,,,,,,,,,,,,,,,,,,,,,
Bangladesh,2015,1.95E+11,6.552639878,1236.435456,4.382,6.19428023,1.450782463,42.08599631,,157830000,1.191061127,,,,,,,,,,,,,,,,,,,,,
Bangladesh,2016,2.65E+11,7.113478213,1659.888173,4.35,5.513525727,0.879528344,31.33415013,32.4,159784568,1.230795354,,,,,,,,,,,,,,,,,,,,,
Bangladesh,2017,2.94E+11,6.590249998,1815.47222,4.372,5.702070157,0.616341784,29.99973067,,161793964,1.249724066,,,,,,,,,,,,,,,,,,,,,
Bangladesh,2018,3.21E+11,7.31941263,1963.312441,4.532,5.543621395,0.753549137,32.51463172,,163683958,1.161378463,,,,,,,,,,,,,,,,,,,,,
Bangladesh,2019,3.51E+11,7.881915151,2122.037652,4.693,5.591996399,0.543244141,31.57805449,,165516222,1.11317249,,,,,,,,,,,,,,,,,,,,,
Bangladesh,2020,3.74E+11,3.448017551,2233.767282,5.828,5.691074747,0.407859895,26.27144738,,167420951,1.14420974,,,,,,,,,,,,,,,,,,,,,
Bangladesh,2021,4.16E+11,6.938679124,2457.964466,5.815,5.545654308,0.414118155,27.7240047,,169356251,1.149318476,,,,,,,,,,,,,,,,,,,,,
Bangladesh,2022,4.60E+11,7.099828776,2687.899063,5.247,7.696954372,0.355308724,33.77996727,33.4,171186372,1.074836743,,,,,,,,,,,,,,,,,,,,,
Bangladesh,2023,4.37E+11,5.77511237,2529.080127,5.06,9.883503038,0.316668222,30.98297141,,172954319,1.027464987,,,,,,,,,,,,,,,,,,,,,
India,2000,4.68E+11,3.840991157,442.0353304,7.856,4.00943591,0.765211694,26.90092291,,1059633675,1.822184002,,,,,,,,,,,,,,,,,,,,,
India,2001,4.85E+11,4.823966266,449.9103137,8.039,3.779293122,1.05638021,25.99325475,,1078970907,1.808446421,,,,,,,,,,,,,,,,,,,,,
India,2002,5.15E+11,3.803975321,468.8455131,8.248,4.297152039,1.011569465,29.50866294,,1098313039,1.776767874,,,,,,,,,,,,,,,,,,,,,
India,2003,6.08E+11,7.860381476,543.8450534,8.397,3.805858995,0.605887857,30.59243613,,1117415123,1.724269032,,,,,,,,,,,,,,,,,,,,,
India,2004,7.09E+11,7.922936612,624.108803,8.551,3.767251735,0.765596855,37.50381406,34,1136264583,1.67281087,,,,,,,,,,,,,,,,,,,,,
India,2005,8.20E+11,7.923430621,710.5112225,8.697,4.24634362,0.886098378,42.00166961,,1154638713,1.604129169,,,,,,,,,,,,,,,,,,,,,
India,2006,9.40E+11,8.060732572,802.013742,8.614,5.796523376,2.130168425,45.7244805,,1172373788,1.52430796,,,,,,,,,,,,,,,,,,,,,
India,2007,1.22E+12,7.660815067,1022.732467,8.534,6.372881356,2.073394047,45.68626868,,1189691809,1.46637175,,,,,,,,,,,,,,,,,,,,,
India,2008,1.20E+12,3.086698059,993.5034053,8.486,8.349267049,3.620523235,53.36822044,,1206734806,1.422391509,,,,,,,,,,,,,,,,,,,,,
India,2009,1.34E+12,7.861888833,1096.636136,8.406,10.88235294,2.651590332,46.27286964,34.9,1223640160,1.39119493,,,,,,,,,,,,,,,,,,,,,
India,2010,1.68E+12,8.497584702,1350.63447,8.318,11.98938992,1.635034094,49.2552065,,1240613620,1.377595812,,,,,,,,,,,,,,,,,,,,,
India,2011,1.82E+12,5.241316199,1449.603301,8.222,8.911793365,2.002063463,55.62388001,35.4,1257621191,1.361588085,,,,,,,,,,,,,,,,,,,,,
India,2012,1.83E+12,5.456387552,1434.017987,8.156,9.478996914,1.31293453,55.79372173,,1274487215,1.33219205,,,,,,,,,,,,,,,,,,,,,
India,2013,1.86E+12,6.386106401,1438.057005,8.088,10.01787847,1.516276467,53.84413195,,1291132063,1.297548835,,,,,,,,,,,,,,,,,,,,,
India,2014,2.04E+12,7.410227605,1559.863779,7.992,6.665656719,1.69565959,48.92218575,,1307246509,1.240362184,,,,,,,,,,,,,,,,,,,,,
India,2015,2.10E+12,7.996253786,1590.174331,7.894,4.906973441,2.092115214,41.92291387,34.7,1322866505,1.18779532,,,,,,,,,,,,,,,,,,,,,
India,2016,2.29E+12,8.256305502,1714.279537,7.8,4.948216341,1.937364122,40.08248571,34.7,1338636340,1.185046229,,,,,,,,,,,,,,,,,,,,,
India,2017,2.65E+12,6.795383419,1957.969813,7.723,3.328173375,1.507315833,40.74249695,35.9,1354195680,1.155624491,,,,,,,,,,,,,,,,,,,,,
India,2018,2.70E+12,6.453851345,1974.377731,7.652,3.938826467,1.558214838,43.61696933,34.5,1369003306,1.087527722,,,,,,,,,,,,,,,,,,,,,
India,2019,2.84E+12,3.871436941,2050.1638,6.51,3.729505735,1.78482634,39.90540353,33.8,1383112050,1.025310772,,,,,,,,,,,,,,,,,,,,,
India,2020,2.67E+12,-5.777724707,1915.551588,7.859,6.623436776,2.406203227,37.75810533,33.8,1396387127,0.955220858,,,,,,,,,,,,,,,,,,,,,
India,2021,3.17E+12,9.689592492,2250.179018,6.38,5.131407472,1.41217101,45.42308878,32.8,1407563842,0.797216094,,,,,,,,,,,,,,,,,,,,,
India,2022,3.35E+12,6.987039326,2366.309609,4.822,6.699034141,1.489211205,49.96531997,,1417173173,0.680372581,,,,,,,,,,,,,,,,,,,,,
India,2023,3.55E+12,7.583971124,2484.845429,4.172,5.649143189,0.7907283,45.85392815,,1428627663,0.805014301,,,,,,,,,,,,,,,,,,,,,
Maldives,2000,624337145.3,3.845810232,2209.988231,1.97,-1.174756812,3.573781889,,,282507,1.568301447,,,,,,,,,,,,,,,,,,,,,
Maldives,2001,870031676.8,-3.943634289,3028.05083,3.062,0.67257737,2.360954642,,,287324,1.690716983,,,,,,,,,,,,,,,,,,,,,
Maldives,2002,897031250,7.26838641,3069.039872,4.142,4.178672399,2.755600741,,41.3,292284,1.711543347,,,,,,,,,,,,,,,,,,,,,
Maldives,2003,1052121055,13.75004966,3539.801547,5.201,-1.260651135,3.020036091,,,297226,1.676685986,,,,,,,,,,,,,,,,,,,,,
Maldives,2004,1226829563,5.816366933,4060.534405,6.256,-1.685412125,4.314674454,,,302135,1.638114517,,,,,,,,,,,,,,,,,,,,,
Maldives,2005,1163362438,-11.22316621,3789.232024,7.394,1.300275009,4.554996736,,,307018,1.603244043,,,,,,,,,,,,,,,,,,,,,
Maldives,2006,1575200391,23.60579828,5010.163424,8.478,2.738421316,4.051980515,,,314401,2.376286342,,,,,,,,,,,,,,,,,,,,,
Maldives,2007,1868383461,7.12342766,5746.644258,9.537,6.794773539,7.088056791,,,325126,3.354355829,,,,,,,,,,,,,,,,,,,,,
Maldives,2008,2271646188,8.979816872,6743.130961,10.515,12.04145835,7.979034445,,,336883,3.552288956,,,,,,,,,,,,,,,,,,,,,
Maldives,2009,2345294875,-8.157763215,6719.330257,11.697,4.530176591,6.735340125,,38.4,349037,3.544224471,,,,,,,,,,,,,,,,,,,,,
Maldives,2010,2588176055,6.835471356,7158.061411,10.851,6.149885368,8.363764331,,,361575,3.529155518,,,,,,,,,,,,,,,,,,,,,
Maldives,2011,2774350240,8.572699128,7409.331909,10.01,11.27341461,15.26594075,,,374440,3.496208754,,,,,,,,,,,,,,,,,,,,,
Maldives,2012,2886163997,2.363747489,7447.415608,9.142,10.88469566,7.898957472,,,387539,3.438491239,,,,,,,,,,,,,,,,,,,,,
Maldives,2013,3295009238,6.963246632,8222.558038,8.298,3.805630009,10.95038922,,,400728,3.346640402,,,,,,,,,,,,,,,,,,,,,
Maldives,2014,3697353039,7.801094807,8872.128386,7.461,2.120001757,9.016591451,,,416738,3.917483406,,,,,,,,,,,,,,,,,,,,,
Maldives,2015,4129505319,3.971715703,9480.431513,6.612,0.953206659,7.215779382,,,435582,4.422534092,,,,,,,,,,,,,,,,,,,,,
Maldives,2016,4409942624,6.572236066,9708.141349,5.77,0.502509414,10.35476187,,31.3,454252,4.196904224,,,,,,,,,,,,,,,,,,,,,
Maldives,2017,4816426257,7.054539014,10194.74614,5.376,2.817473382,9.505145292,,,472442,3.926287795,,,,,,,,,,,,,,,,,,,,,
Maldives,2018,5404344163,8.668006242,11034.7236,4.959,-0.133373386,10.65176478,,,489758,3.599640348,,,,,,,,,,,,,,,,,,,,,
Maldives,2019,5726094799,7.298335745,11349.85927,4.562,0.220029731,16.78347284,,29.3,504508,2.96723054,,,,,,,,,,,,,,,,,,,,,
Maldives,2020,3712604583,-32.90882878,7216.816377,5.404,-1.369774256,11.87068807,,,514438,1.949134572,,,,,,,,,,,,,,,,,,,,,
Maldives,2021,5254366312,37.68719229,10076.31753,5.021,0.543149689,12.23421961,,,521457,1.355177392,,,,,,,,,,,,,,,,,,,,,
Maldives,2022,6170638746,13.90667638,11780.81691,4.424,2.333143376,11.86630965,,,523787,0.445829655,,,,,,,,,,,,,,,,,,,,,
Maldives,2023,6600000000,3.972795846,12667.43567,4.127,2.927465424,11.53812401,,,521021,-0.529476509,,,,,,,,,,,,,,,,,,,,,
Sri Lanka,2000,16330814180,6.000033158,869.7534886,7.74,6.17627591,1.05898829,88.6364417,,18776371,0.565924638,,,,,,,,,,,,,,,,,,,,,
Sri Lanka,2001,15749753805,-1.545408134,832.4273196,7.9,14.1584558,1.090747209,80.89860153,,18920275,0.763488078,,,,,,,,,,,,,,,,,,,,,
Sri Lanka,2002,16536535647,3.964675685,865.3021391,8.76,9.55103167,1.188277909,76.33513178,40.2,19110707,1.00146555,,,,,,,,,,,,,,,,,,,,,
Sri Lanka,2003,18881765437,5.940269078,978.1686456,8.22,6.314637871,1.211327409,75.33624733,,19303180,1.002109527,,,,,,,,,,,,,,,,,,,,,
Sri Lanka,2004,20662525941,5.445061279,1060.136943,8.38,7.57592583,1.126677351,79.4829449,,19490431,0.9653778,,,,,,,,,,,,,,,,,,,,,
Sri Lanka,2005,24405791045,6.241748044,1240.518312,7.67,11.6396861,1.116128543,73.60397296,,19673866,0.936752887,,,,,,,,,,,,,,,,,,,,,
Sri Lanka,2006,28279802406,7.668291901,1423.190621,6.5,10.02018361,1.69626362,71.26117849,39.7,19870706,0.995543084,,,,,,,,,,,,,,,,,,,,,
Sri Lanka,2007,32350238760,6.796826119,1611.175587,5.97,15.84211149,1.863973878,68.60651166,,20078655,1.041072362,,,,,,,,,,,,,,,,,,,,,
Sri Lanka,2008,40713826215,5.950088145,2007.026655,5.22,22.56449553,1.847529623,63.36904361,,20285643,1.025608395,,,,,,,,,,,,,,,,,,,,,
Sri Lanka,2009,42066224093,3.538912053,2053.766451,5.85,3.464963221,0.960390453,49.14914153,36.1,20482477,0.965634567,,,,,,,,,,,,,,,,,,,,,
Sri Lanka,2010,58636161082,8.01596737,2836.974109,4.784,6.217648893,0.814444519,,,20668557,0.904381981,,,,,,,,,,,,,,,,,,,,,
Sri Lanka,2011,67753284044,8.669483012,3248.04021,4.118,6.716768436,1.41088364,,,20859743,0.920756933,,,,,,,,,,,,,,,,,,,,,
Sri Lanka,2012,70447216891,8.63218138,3351.892476,3.88,7.542913732,1.335917347,,38.7,21017147,0.751749909,,,,,,,,,,,,,,,,,,,,,
Sri Lanka,2013,77000578167,4.051746329,3643.832447,4.186,6.908450348,1.211096514,,,21131756,0.543830441,,,,,,,,,,,,,,,,,,,,,
Sri Lanka,2014,82528535714,6.377978893,3885.623616,4.157,3.179002282,1.082812112,,,21239457,0.508369831,,,,,,,,,,,,,,,,,,,,,
Sri Lanka,2015,85140955389,4.205955476,3990.353117,4.519,3.768367831,0.798271104,46.91797081,,21336697,0.456782306,,,,,,,,,,,,,,,,,,,,,
Sri Lanka,2016,88012282206,5.053624893,4107.829775,4.243,3.958888466,1.019232036,46.47153703,39.3,21425494,0.415306726,,,,,,,,,,,,,,,,,,,,,
Sri Lanka,2017,94376237797,6.460681271,4388.201906,4.046,7.704137679,1.454521896,47.1404098,,21506813,0.378824726,,,,,,,,,,,,,,,,,,,,,
Sri Lanka,2018,94493871201,2.310084252,4360.584735,4.318,2.135037737,1.708093857,49.80939675,,21670000,0.755904689,,,,,,,,,,,,,,,,,,,,,
Sri Lanka,2019,89014978344,-0.220483886,4082.694049,4.67,3.528393582,0.835214753,49.42552585,37.7,21803000,0.611875946,,,,,,,,,,,,,,,,,,,,,
Sri Lanka,2020,84304298771,-4.624515816,3846.174496,5.365,6.153945084,0.5148915,37.0891205,,21919000,0.53062656,,,,,,,,,,,,,,,,,,,,,
Sri Lanka,2021,88609332762,4.207485977,3999.338002,5.258,7.014780712,0.668428428,41.22997175,,22156000,1.075449957,,,,,,,,,,,,,,,,,,,,,
Sri Lanka,2022,74144875098,-7.346764384,3342.720125,6.33,49.72110211,1.19246339,46.68143828,,22181000,0.11277264,,,,,,,,,,,,,,,,,,,,,
Sri Lanka,2023,84356860421,-2.298045112,3827.964806,6.36,16.54117423,0.84382728,42.27772006,,22037000,-0.65132077,,,,,,,,,,,,,,,,,,,,,
Nepal,2000,5494252208,6.199999982,223.7118919,10.622,2.478820207,-0.008824253,55.710589,,24559500,1.709775886,,,,,,,,,,,,,,,,,,,,,
Nepal,2001,6007055042,4.799892143,240.7051592,10.615,2.688303735,0.347091875,55.79992108,,24956071,1.601837449,,,,,,,,,,,,,,,,,,,,,
Nepal,2002,6050875807,0.120143177,238.8612541,10.655,3.029399487,-0.098374869,46.2307185,,25332178,1.495832606,,,,,,,,,,,,,,,,,,,,,
Nepal,2003,6330473097,3.945037761,246.4858378,10.677,5.707009319,0.233443621,44.24788362,43.8,25682908,1.375026697,,,,,,,,,,,,,,,,,,,,,
Nepal,2004,7273938315,4.682603252,279.7242003,10.68,2.841811312,-0.005737557,46.14728672,,26003965,1.242331411,,,,,,,,,,,,,,,,,,,,,
Nepal,2005,8130258378,3.479181048,309.3104186,10.652,6.836332659,0.030156295,44.06294748,,26285110,1.075359276,,,,,,,,,,,,,,,,,,,,,
Nepal,2006,9043715356,3.364614781,341.02814,10.659,6.920335807,-0.073509433,44.76198776,,26518971,0.88577445,,,,,,,,,,,,,,,,,,,,,
Nepal,2007,10325618017,3.41156028,386.5295864,10.672,2.269219244,0.055606415,44.57927502,,26713655,0.731449423,,,,,,,,,,,,,,,,,,,,,
Nepal,2008,12545438605,6.104639144,466.6933791,10.65,9.907830053,0.007932157,46.03620635,,26881544,0.626509659,,,,,,,,,,,,,,,,,,,,,
Nepal,2009,12854985464,4.533078725,475.6359761,10.64,11.09482374,0.297715389,47.07944776,,27026941,0.539422885,,,,,,,,,,,,,,,,,,,,,
Nepal,2010,16002656434,4.816414647,589.1654349,10.629,9.326504107,0.548294666,45.98490577,32.8,27161567,0.496881283,,,,,,,,,,,,,,,,,,,,,
Nepal,2011,21573872421,3.421808701,791.2255821,10.653,9.227075461,0.435814931,36.29675889,,27266399,0.38521421,,,,,,,,,,,,,,,,,,,,,
Nepal,2012,21703100877,4.670141924,794.0925641,10.654,9.459809804,0.423691511,37.92190606,,27330694,0.235525469,,,,,,,,,,,,,,,,,,,,,
Nepal,2013,22162204925,3.525153171,809.3844533,10.667,9.040163119,0.334712331,41.86537574,,27381555,0.185921857,,,,,,,,,,,,,,,,,,,,,
Nepal,2014,22731612922,6.011482843,827.7447084,10.647,8.364154697,0.133746237,45.98264161,,27462106,0.293747924,,,,,,,,,,,,,,,,,,,,,
Nepal,2015,24360801287,3.976053272,882.3076616,10.655,7.868908956,0.213029528,46.66573039,,27610325,0.53827062,,,,,,,,,,,,,,,,,,,,,
Nepal,2016,24524109484,0.433113719,880.2248936,10.684,8.79034332,0.432212944,42.11548612,,27861186,0.904474047,,,,,,,,,,,,,,,,,,,,,
Nepal,2017,28971588940,8.977279356,1027.965477,10.66,3.627096107,0.677439884,44.64241062,,28183426,1.149953723,,,,,,,,,,,,,,,,,,,,,
Nepal,2018,33111525237,7.622376104,1161.534352,10.63,4.061163388,0.206157202,48.44738695,,28506712,1.140549365,,,,,,,,,,,,,,,,,,,,,
Nepal,2019,34186180699,6.657055431,1185.682318,10.578,5.568685478,0.54280198,49.24952659,,28832496,1.136351607,,,,,,,,,,,,,,,,,,,,,
Nepal,2020,33433659301,-2.369620629,1139.189895,13.157,5.052366553,0.378739091,40.9188656,,29348627,1.774268056,,,,,,,,,,,,,,,,,,,,,
Nepal,2021,36924841394,4.838149614,1229.394204,12.315,4.149680034,0.531690907,43.05380479,,30034989,2.311723712,,,,,,,,,,,,,,,,,,,,,
Nepal,2022,41182939601,5.631314559,1348.15719,10.922,7.650791768,0.158939274,48.97340148,30,30547580,1.692246601,,,,,,,,,,,,,,,,,,,,,
Nepal,2023,40908073367,1.952544633,1324.031984,10.685,7.114759517,0.180483792,41.63749471,,30896590,1.136035375,,,,,,,,,,,,,,,,,,,,,
Pakistan,2000,99484802345,4.260088011,644.457157,0.597,4.366664513,0.309595026,21.45996933,,154369924,3.075552912,,,,,,,,,,,,,,,,,,,,,
Pakistan,2001,97145618480,3.651350171,610.1432316,0.595,3.148261446,0.389106586,23.57720884,28.7,159217727,3.092079184,,,,,,,,,,,,,,,,,,,,,
Pakistan,2002,97923302809,2.594816684,599.7894108,0.597,3.290344726,0.8435173,23.1290206,,163262807,2.50885976,,,,,,,,,,,,,,,,,,,,,
Pakistan,2003,1.12E+11,5.401310873,673.382966,0.595,2.914134701,0.475207712,24.65016612,,166876680,2.189388121,,,,,,,,,,,,,,,,,,,,,
Pakistan,2004,1.32E+11,7.83125557,774.7853357,0.588,7.444624693,0.845585702,24.80834087,30.9,170648620,2.235149207,,,,,,,,,,,,,,,,,,,,,
Pakistan,2005,1.45E+11,7.276574436,832.7511375,0.582,9.06332737,1.515750831,29.878498,31.3,174372098,2.158492155,,,,,,,,,,,,,,,,,,,,,
Pakistan,2006,1.62E+11,6.051637676,909.0324033,0.582,7.921084401,2.639750062,33.04971214,,178069984,2.098513142,,,,,,,,,,,,,,,,,,,,,
Pakistan,2007,1.84E+11,4.44481434,1012.182794,0.398,7.598684411,3.035719338,30.78788045,29.7,181924521,2.141523972,,,,,,,,,,,,,,,,,,,,,
Pakistan,2008,2.02E+11,2.120441043,1087.514777,0.423,20.28612109,2.689366561,34.34896042,,185931955,2.178889217,,,,,,,,,,,,,,,,,,,,,
Pakistan,2009,1.87E+11,3.472550596,985.3493008,0.535,13.64776506,1.248013055,33.32688559,,190123222,2.229162535,,,,,,,,,,,,,,,,,,,,,
Pakistan,2010,1.97E+11,1.501717522,1011.59718,0.653,12.93887056,1.027911081,31.98899821,28.8,194454498,2.252579345,,,,,,,,,,,,,,,,,,,,,
Pakistan,2011,2.31E+11,2.680116854,1161.044321,0.796,11.91609271,0.575055146,32.36263828,29.7,198602738,2.110834578,,,,,,,,,,,,,,,,,,,,,
Pakistan,2012,2.50E+11,3.027583911,1236.892763,3.667,9.682351861,0.343453049,31.31897077,,202205861,1.79797543,,,,,,,,,,,,,,,,,,,,,
Pakistan,2013,2.59E+11,4.36686505,1259.668368,2.954,7.692156119,0.515353849,30.89027502,29.5,205337562,1.536897649,,,,,,,,,,,,,,,,,,,,,
Pakistan,2014,2.71E+11,4.116428172,1303.18537,1.827,7.189384028,0.695308117,29.46982583,,208251628,1.409182973,,,,,,,,,,,,,,,,,,,,,
Pakistan,2015,3.00E+11,4.217942096,1421.835278,3.566,2.529328173,0.557734356,26.6881846,31.3,210969298,1.296551724,,,,,,,,,,,,,,,,,,,,,
Pakistan,2016,3.14E+11,6.573838285,1468.822082,2.286,3.765119164,0.821349998,24.70157951,,213524840,1.204055673,,,,,,,,,,,,,,,,,,,,,
Pakistan,2017,3.39E+11,4.432625907,1567.640612,3.193,4.08537368,0.73583705,25.47203641,,216379655,1.328135434,,,,,,,,,,,,,,,,,,,,,
Pakistan,2018,3.56E+11,6.151702611,1620.742591,4.083,5.078057259,0.487745751,27.62605637,29.6,219731479,1.537172403,,,,,,,,,,,,,,,,,,,,,
Pakistan,2019,3.21E+11,2.497636929,1437.165833,4.83,10.5783618,0.69614648,28.9055758,,223293280,1.607981347,,,,,,,,,,,,,,,,,,,,,
Pakistan,2020,3.00E+11,-1.274087443,1322.314785,6.162,9.739993139,0.68469529,26.71628046,,227196741,1.73302782,,,,,,,,,,,,,,,,,,,,,
Pakistan,2021,3.49E+11,6.513885759,1506.108293,6.338,9.496210561,0.616039439,27.03042156,,231402117,1.834062082,,,,,,,,,,,,,,,,,,,,,
Pakistan,2022,3.75E+11,4.767539531,1589.26398,5.548,19.87385996,0.390087239,33.04037277,,235824862,1.893245598,,,,,,,,,,,,,,,,,,,,,
Pakistan,2023,3.38E+11,-0.004855269,1407.021351,5.499,30.76812807,0.537284127,28.10207676,,240485658,1.957103432,,,,,,,,,,,,,,,,,,,,,
